noise_p,energy,purity,fidelity,entropy,top_cost,top_feasible
0,-1.11729,1,1,-6.66134e-16,265,1
0.00336134,-0.954837,0.401156,0.629154,2.10668,265,1
0.00672269,-0.810793,0.168713,0.398196,3.23257,370,1
0.010084,-0.684458,0.0759402,0.254128,3.95521,370,1
0.0134454,-0.574691,0.0374556,0.164006,4.44004,370,1
0.0168067,-0.480097,0.0206711,0.107388,4.77249,370,1
0.0201681,-0.399171,0.0128945,0.0716104,5.0033,370,1
0.0235294,-0.330389,0.00904152,0.0488274,5.16474,370,1
0.0268908,-0.272278,0.00699817,0.0341798,5.27815,370,1
0.0302521,-0.22345,0.00584415,0.0246531,5.358,370,1
0.0336134,-0.182633,0.00515648,0.0183731,5.41427,370,1
0.0369748,-0.148677,0.00472886,0.0141701,5.45392,370,1
0.0403361,-0.120556,0.00445432,0.0113105,5.4818,370,1
0.0436975,-0.0973698,0.004274,0.00933062,5.50138,335,1
0.0470588,-0.0783329,0.00415375,0.00793551,5.51507,335,1
0.000420168,-1.09597,0.890323,0.943483,0.416301,265,1
0.00378151,-0.935834,0.358927,0.593969,2.27944,265,1
0.00714286,-0.794053,0.152054,0.376267,3.3403,370,1
0.0105042,-0.669858,0.0691383,0.240428,4.02658,370,1
0.0138655,-0.562067,0.0345485,0.155416,4.48865,370,1
0.0172269,-0.469265,0.019356,0.101974,4.8061,370,1
0.0205882,-0.38994,0.0122597,0.0681745,5.02675,370,1
0.0239496,-0.322571,0.00871338,0.0466276,5.18119,370,1
0.0273109,-0.265694,0.0068171,0.0327561,5.28972,370,1
0.0306723,-0.217935,0.00573833,0.0237199,5.36616,370,1
0.0340336,-0.178036,0.00509166,0.0177525,5.42002,370,1
0.037395,-0.144862,0.00468771,0.0137508,5.45796,370,1
0.0407563,-0.117405,0.0044275,0.0110222,5.48465,370,1
0.0441176,-0.0947781,0.00425621,0.00912897,5.50337,335,1
0.047479,-0.0762101,0.00414181,0.00779193,5.51646,335,1
0.000840336,-1.07493,0.793081,0.890218,0.739387,265,1
0.00420168,-0.917118,0.32139,0.560806,2.44133,265,1
0.00756303,-0.777588,0.137191,0.355593,3.4424,370,1
0.0109244,-0.655514,0.0630389,0.227508,4.09453,370,1
0.0142857,-0.549677,0.0319246,0.14731,4.53503,370,1
0.0176471,-0.458644,0.0181598,0.0968617,4.83822,370,1
0.0210084,-0.380896,0.0116773,0.0649265,5.04918,370,1
0.0243697,-0.314917,0.00840978,0.0445455,5.19693,370,1
0.0277311,-0.259252,0.00664829,0.0314066,5.3008,370,1
0.0310924,-0.212542,0.00563902,0.0228339,5.37396,370,1
0.0344538,-0.173543,0.00503053,0.0171622,5.42552,370,1
0.0378151,-0.141137,0.00464875,0.013351,5.46184,370,1
0.0411765,-0.114329,0.00440204,0.0107468,5.48737,335,1
0.0445378,-0.0922498,0.00423929,0.00893588,5.50527,335,1
0.0478992,-0.0741403,0.00413044,0.00765416,5.51779,335,1
0.0012605,-1.05419,0.70684,0.840018,1.02212,265,1
0.00462185,-0.898689,0.28801,0.529549,2.59336,265,1
0.00798319,-0.761396,0.123923,0.336101,3.53923,370,1
0.0113445,-0.641425,0.0575652,0.215322,4.15925,370,1
0.0147059,-0.537519,0.029554,0.139661,4.57931,370,1
0.0180672,-0.44823,0.0170706,0.092033,4.86892,370,1
0.0214286,-0.372035,0.0111424,0.0618558,5.07064,370,1
0.0247899,-0.307424,0.00812863,0.0425745,5.212,370,1
0.0281513,-0.25295,0.00649076,0.0301272,5.31141,370,1
0.0315126,-0.20727,0.00554578,0.0219924,5.38144,370,1
0.0348739,-0.169153,0.00497285,0.0166004,5.43079,370,1
0.0382353,-0.137498,0.00461186,0.0129699,5.46554,370,1
0.0415966,-0.111327,0.00437788,0.0104836,5.48997,335,1
0.044958,-0.0897834,0.0042232,0.00875094,5.5071,335,1
0.0483193,-0.0721221,0.00411962,0.00752191,5.51906,335,1
0.00168067,-1.03374,0.630336,0.792707,1.27666,265,1
0.00504202,-0.880545,0.258316,0.500086,2.73643,265,1
0.00840336,-0.745475,0.112071,0.317725,3.63113,370,1
0.0117647,-0.627587,0.0526495,0.203828,4.2209,370,1
0.0151261,-0.52559,0.0274104,0.132441,4.62158,370,1
0.0184874,-0.438021,0.0160777,0.0874719,4.89826,370,1
0.0218487,-0.363356,0.0106507,0.0589522,5.09116,370,1
0.0252101,-0.300089,0.00786798,0.0407084,5.22641,370,1
0.0285714,-0.246786,0.00634363,0.028914,5.32156,370,1
0.0319328,-0.202115,0.00545815,0.0211931,5.38859,370,1
0.0352941,-0.164864,0.00491838,0.0160657,5.43583,370,1
0.0386555,-0.133946,0.0045769,0.0126063,5.46909,370,1
0.0420168,-0.108398,0.00435492,0.0102321,5.49246,335,1
0.0453782,-0.0873774,0.00420789,0.00857376,5.50884,335,1
0.0487395,-0.0701545,0.00410931,0.00739495,5.52027,335,1
0.00210084,-1.01358,0.562448,0.748117,1.5091,265,1
0.00546218,-0.862685,0.231888,0.472314,2.87127,370,1
0.00882353,-0.729824,0.10148,0.300398,3.71841,370,1
0.0121849,-0.613997,0.0482313,0.192986,4.27966,370,1
0.0155462,-0.513886,0.0254702,0.125627,4.66194,370,1
0.0189076,-0.428014,0.0151717,0.0831632,4.92632,370,1
0.0222689,-0.354854,0.0101981,0.0562063,5.11079,370,1
0.0256303,-0.292909,0.00762611,0.0389413,5.24021,370,1
0.0289916,-0.240756,0.00620611,0.0277634,5.33128,370,1
0.0323529,-0.197077,0.00537576,0.0204336,5.39544,370,1
0.0357143,-0.160674,0.00486694,0.0155567,5.44065,370,1
0.0390756,-0.130477,0.00454377,0.0122593,5.47248,370,1
0.042437,-0.105539,0.00433312,0.0099915,5.49484,335,1
0.0457983,-0.0850307,0.00419333,0.00840398,5.5105,335,1
0.0491597,-0.0682363,0.00409951,0.00727302,5.52143,335,1
0.00252101,-0.99371,0.502188,0.706093,1.72327,265,1
0.00588235,-0.845107,0.208357,0.446136,2.99854,370,1
0.0092437,-0.714438,0.0920073,0.284061,3.80135,370,1
0.012605,-0.600653,0.044257,0.182758,4.33567,370,1
0.0159664,-0.502404,0.0237124,0.119194,4.70049,370,1
0.0193277,-0.418205,0.0143441,0.0790923,4.95314,370,1
0.0226891,-0.346528,0.00978113,0.0536091,5.12958,370,1
0.0260504,-0.285883,0.00740144,0.0372676,5.25341,370,1
0.0294118,-0.234858,0.00607746,0.0266718,5.34058,370,1
0.0327731,-0.192152,0.00529823,0.0197117,5.40199,370,1
0.0361345,-0.156581,0.00481832,0.0150719,5.44527,370,1
0.0394958,-0.12709,0.00451236,0.0119283,5.47573,370,1
0.0428571,-0.102749,0.0043124,0.00976141,5.49712,335,1
0.0462185,-0.0827419,0.00417948,0.00824122,5.51209,335,1
0.0495798,-0.0663663,0.00409016,0.0071559,5.52254,335,1
0.00294118,-0.974129,0.448682,0.666485,1.92181,265,1
0.00630252,-0.827811,0.187396,0.421459,3.1188,370,1
0.00966387,-0.699317,0.0835307,0.268655,3.8802,370,1
0.0130252,-0.587552,0.0406792,0.173109,4.38909,370,1
0.0163866,-0.491142,0.0221182,0.113122,4.73731,370,1
0.0197479,-0.408591,0.0135873,0.0752456,4.97878,370,1
0.0231092,-0.338374,0.00939657,0.0511521,5.14755,370,1
0.0264706,-0.279006,0.00719256,0.035682,5.26605,370,1
0.0298319,-0.229091,0.00595701,0.0256361,5.34948,370,1
0.0331933,-0.187338,0.00522524,0.0190256,5.40827,370,1
0.0365546,-0.152582,0.00477235,0.0146101,5.44969,370,1
0.039916,-0.123784,0.00448258,0.0116122,5.47883,370,1
0.0432773,-0.100026,0.00429271,0.00954128,5.49929,335,1
0.0466387,-0.0805097,0.00416629,0.00808517,5.51362,335,1
0.05,-0.0645436,0.00408127,0.00704336,5.5236,335,1
